id_kabkota,kab_kota,prov,total_prod,loss_drought_nonclimate_rp25,loss_drought_nonclimate_rp50,loss_drought_nonclimate_rp100,loss_drought_nonclimate_rp250,loss_drought_climate_rp25,loss_drought_climate_rp50,loss_drought_climate_rp100,loss_drought_climate_rp250,aal_drought_nonclimate_v2,aal_drought_climate_v2
1105,Aceh Barat,Aceh,63136.39,298900280870.79,295257717037.7919,292582572665.6879,289972306324.8549,288042018285.25665,280024933213.1414,273898371879.69916,267747326595.88757,11788335289.874266,11146212442.258495
1112,Aceh Barat Daya,Aceh,68350.84,,,,,,,,,,
1106,Aceh Besar,Aceh,200097.22,1035249419109.3951,1035813937598.6594,1036170939999.5013,1036481632541.7179,1033174315662.858,1033526991535.8615,1033763837167.5756,1033981813526.6506,41434442202.86188,41342631421.693665
1114,Aceh Jaya,Aceh,42784.33,,,,,,,,,,
1101,Aceh Selatan,Aceh,30288.69,,,,,,,,,,
1110,Aceh Singkil,Aceh,2203.58,,,,,,,,,,
1116,Aceh Tamiang,Aceh,59902.25,241880505286.5839,241719820125.23517,241611995326.6664,241513803745.8609,219203108942.90576,213201512437.08585,208943564950.27744,204885706879.13504,9668094943.578726,8495802243.74151
1104,Aceh Tengah,Aceh,13757.16,,,,,,,,,,
1102,Aceh Tenggara,Aceh,69478.52,275539781681.5645,274893247829.0965,274457635482.3198,274059704620.61542,263123113095.33234,256137268724.60147,251177031131.875,246450953359.01984,10992875550.454958,10207863084.390486
1103,Aceh Timur,Aceh,130151.43,653796720415.0315,653958526461.3185,654066327624.2908,654163960037.1366,633793527573.4283,630394829115.5648,627902162367.8761,625456023222.0057,26159023442.32438,25195267173.964806
1108,Aceh Utara,Aceh,323839.47,1615106863272.4897,1616192222269.7964,1616910387065.1938,1617557401816.8997,1571720193253.2288,1562448030443.323,1555678212624.1755,1549066128657.7668,64652136876.011696,62442810990.7799
1117,Bener Meriah,Aceh,1715.62,,,,,,,,,,
1111,Bireuen,Aceh,137057.19,653632529916.3289,652023487822.8066,650922589855.8842,649905021486.7188,624074872295.8937,613530326561.1583,605811919350.9045,598291033453.5659,26073393485.759495,24478236210.35851
1113,Gayo Lues,Aceh,28634.5,,,,,,,,,,
1171,Banda Aceh,Aceh,72.97,,,,,,,,,,
1174,Langsa,Aceh,7101.39,,,,,,,,,,
1173,Lhokseumawe,Aceh,9899.07,,,,,,,,,,
1172,Sabang,Aceh,0.0,,,,,,,,,,
1175,Subulussalam,Aceh,244.58,,,,,,,,,,
1115,Nagan Raya,Aceh,32185.63,126483033776.58966,122496903584.20018,119627350928.72153,116870672879.28787,114617017568.34085,105800409246.76266,99261322132.10583,92856470490.89975,4877397409.1136875,4177262184.8779936
1107,Pidie,Aceh,188438.42,949439080264.8292,945871429963.4232,943273287283.6392,940754060337.6699,925953543258.0555,915955356515.6736,908377770279.2887,900810186242.8195,37813926972.732445,36571559246.2497
1118,Pidie Jaya,Aceh,88469.06,,,,,,,,,,
1109,Simeulue,Aceh,11648.15,,,,,,,,,,
5103,Badung,Bali,,,,,,,,,,,
5106,Bangli,Bali,,,,,,,,,,,
5108,Buleleng,Bali,,,,,,,,,,,
5104,Gianyar,Bali,,,,,,,,,,,
5101,Jembrana,Bali,,,,,,,,,,,
5107,Karangasem,Bali,,,,,,,,,,,
5105,Klungkung,Bali,,,,,,,,,,,
5171,Kota Denpasar,Bali,,,,,,,,,,,
5102,Tabanan,Bali,,,,,,,,,,,
3672,Cilegon,Banten,9101.37,,,,,,,,,,
3673,Serang,Banten,55987.47,215868835822.2228,219785059017.85934,222300674195.16895,224515951820.55844,204066921020.77713,207727239932.73468,210115042352.5342,212249782377.3918,8805481299.79538,8323246624.660809
3671,Tangerang,Banten,3424.91,,,,,,,,,,
3674,Tangerang Selatan,Banten,0.0,,,,,,,,,,
3602,Lebak,Banten,430413.6,581448354086.3773,650341257372.2998,695143819778.2035,734964956058.3394,496231154772.4373,558875979529.8019,599612419410.2393,635872305114.5924,26275507652.082275,22593456731.755463
3601,Pandeglang,Banten,553202.6,0.0,0.0,0.0,0.0,0.0,0.0,0.0,0.0,0.0,0.0
3604,Serang,Banten,446654.3,1691810624765.6194,1723583779149.7922,1744023537098.5535,1762043276253.1191,1593518398996.0024,1621498592532.6145,1639858602305.0222,1656354570846.5754,69058354165.46335,64971013692.31545
3603,Tangerang,Banten,289798.4,1211898693950.8018,1227503538854.9087,1237516226409.979,1246326260546.943,1153045948504.1448,1164365978517.5933,1171841350704.8945,1178595682313.1694,49155953657.44009,46620849744.636696
1701,Bengkulu Selatan,Bengkulu,50237.54,256577374762.59268,257184311828.7279,257552836744.82565,257863743951.3188,255053696224.82895,255631866730.84415,255986648517.179,256288274754.79465,10289007326.674683,10226926074.631945
1709,Bengkulu Tengah,Bengkulu,5271.28,,,,,,,,,,
1703,Bengkulu Utara,Bengkulu,19728.24,,,,,,,,,,
1704,Kaur,Bengkulu,24207.7,,,,,,,,,,
1708,Kepahiang,Bengkulu,14986.45,,,,,,,,,,
1771,Bengkulu,Bengkulu,5809.92,,,,,,,,,,
1707,Lebong,Bengkulu,50510.99,253638946097.40033,253774380286.24792,253864059683.6312,253944899076.54913,259093237939.99716,258972745401.9861,258890728512.36194,258815216568.46497,10151531936.272615,10358355904.507914
1706,Muko Muko,Bengkulu,31370.91,151451961046.25418,151247511090.62546,151108681241.81247,150981100491.94525,156061678924.0017,155460572648.37823,155030343631.8389,154617822047.66956,6048969430.20004,6215092882.35409
1702,Rejang Lebong,Bengkulu,35899.06,171238581983.29227,171775570344.34055,172125315482.44592,172436618140.9409,179510735153.37277,179516287707.26508,179519289254.16565,179521477449.71555,6873078225.844186,7180656323.3240385
1705,Seluma,Bengkulu,43588.0,226513830734.46463,226545178717.33875,226565525757.10803,226583589044.3043,226657600000.0,226657600000.0,226657600000.0,226657600000.0,9061925317.471722,9066304000.0
3402,Bantul,DI Yogyakarta,130339.44,529336985619.9271,526309582775.0517,524249424142.5762,522353097091.0451,559929224346.2899,554087824257.1147,549964362959.7976,546047139539.8555,21038480670.60297,22132654487.776993
3403,Gunungkidul,DI Yogyakarta,198309.83,,,,,,,,,,
3471,Yogyakarta,DI Yogyakarta,43.09,,,,,,,,,,
3401,Kulon Progo,DI Yogyakarta,116055.76,,,,,,,,,,
3404,Sleman,DI Yogyakarta,116951.41,536376976152.01105,529049596243.5227,523749963833.181,518639231357.421,554106771070.6967,546942734458.26044,541638156029.74677,536420929186.9878,21119988035.340347,21833260480.12776
3101,Kepulauan Seribu,DKI Jakarta,0.0,,,,,,,,,,
3173,Jakarta Pusat,DKI Jakarta,0.0,,,,,,,,,,
3171,Jakarta Selatan,DKI Jakarta,0.0,,,,,,,,,,
3174,Jakarta Barat,DKI Jakarta,181.0,,,,,,,,,,
3175,Jakarta Utara,DKI Jakarta,1969.0,,,,,,,,,,
3172,Jakarta Timur,DKI Jakarta,187.0,,,,,,,,,,
7502,Boalemo,Gorontalo,29663.64,132524240720.53172,135605743240.68925,137432408253.49905,138944824515.06686,120932429577.45576,124337460206.98326,126363582213.16943,128041279246.57996,5431401593.449117,4981583811.310721
7503,Bone Bolango,Gorontalo,17790.18,,,,,,,,,,
7501,Gorontalo,Gorontalo,128971.46,584976654695.4901,597074215747.4182,604249726311.4269,610193833097.8981,533830023851.11884,547875692739.5346,556217473901.7994,563113012845.182,23911234425.342876,21947966510.73488
7505,Gorontalo Utara,Gorontalo,26667.8,,,,,,,,,,
7571,Gorontalo,Gorontalo,9632.18,,,,,,,,,,
7504,Pahuwato,Gorontalo,27409.27,,,,,,,,,,
1504,Batanghari,Jambi,22383.81,,,,,,,,,,
1508,Bungo,Jambi,17110.03,,,,,,,,,,
1501,Kerinci,Jambi,87517.43,448802363945.6936,448934322367.16254,449021448021.81177,449099811861.5294,448804071871.7237,448273336590.83746,447890532163.3535,447520499734.4255,17957908742.169575,17927908523.027607
1571,Jambi,Jambi,1298.62,,,,,,,,,,
1572,Sungai Penuh,Jambi,35880.87,,,,,,,,,,
1502,Merangin,Jambi,23019.21,,,,,,,,,,
1505,Muaro Jambi,Jambi,18599.51,,,,,,,,,,
1503,Sarolangun,Jambi,13470.68,67510228903.761604,67717315620.18789,67847307661.096794,67959793083.50047,68916892862.3193,68961076636.83028,68989720532.43942,69015153888.04243,2709359036.213712,2758608919.65146
1506,Tanjung Jabung Barat,Jambi,14339.58,71877884943.14989,71805775579.72298,71756490168.33345,71710971381.82347,69412875561.87448,68835825022.27846,68409631842.048904,67990086751.63915,2871894204.1467752,2749873792.950787
1507,Tanjung Jabung Timur,Jambi,24562.32,,,,,,,,,,
1509,Tebo,Jambi,19561.77,101721204000.0,101721204000.0,101721204000.0,101721204000.0,101394562194.13203,101325386597.79236,101272776224.29036,101219545171.89407,4068848160.0,4052545446.905787
3204,Bandung,Jawa Barat,289205.7,1361374635327.8816,1369389914249.4683,1374517527946.8616,1379019213741.9817,1328312000648.6323,1332720890314.0227,1335593464506.5818,1338157635012.9119,54803869786.789604,53325784522.33971
3217,Bandung Barat,Jawa Barat,153648.29,,,,,,,,,,
3216,Bekasi,Jawa Barat,555747.09,2269245773066.463,2281589800230.621,2289728386217.35,2297040443916.74,2124433484392.2236,2114428410450.059,2107998474055.611,2102405946108.148,91313414931.27992,84541590415.87505
3201,Bogor,Jawa Barat,299893.8,,,,,,,,,,
3207,Ciamis,Jawa Barat,305676.17,1523163110557.4255,1520739035492.2075,1519069857111.58,1517519435782.2336,1506733754131.4512,1500481647944.9348,1496062037022.054,1491870982383.1648,60817911545.325645,59986155433.347115
3203,Cianjur,Jawa Barat,617941.03,2967799412294.05,2969913061469.8384,2971319191014.9,2972591253373.1367,2928627385349.5205,2924760747417.2725,2922194582657.3467,2919892296116.828,118805382346.71924,116974487798.83087
3209,Cirebon,Jawa Barat,494699.98,938188033549.4923,969783406346.061,990654004040.2784,1009431479551.7352,681588175225.5377,655761114080.3103,638944526810.5977,624074064370.089,38919883819.87021,26132373128.53544
3205,Garut,Jawa Barat,441316.2,2089186847602.7283,2097495095907.5808,2102881124334.789,2107658016925.7876,2015085958350.8875,2019592178874.2727,2022509686379.3186,2025093385771.8442,83930950027.79984,80800473458.06042
3212,Indramayu,Jawa Barat,1482255.86,1975936211467.225,2071875225433.4248,2135393386600.3923,2192641502332.6406,886476142401.6777,754500603556.1139,669558463313.6262,595378393399.2186,83269128105.30525,29706386937.662025
3215,Karawang,Jawa Barat,1226880.08,5785023989115.8955,5818117928389.924,5839300156033.37,5857904120735.437,5654602660749.409,5660938991814.971,5665136379982.343,5668958594803.054,232841738910.42285,226463912688.1988
3273,Bandung,Jawa Barat,7186.11,,,,,,,,,,
3279,Banjar,Jawa Barat,31271.18,,,,,,,,,,
3275,Bekasi,Jawa Barat,1868.44,,,,,,,,,,
3271,Bogor,Jawa Barat,173.99,,,,,,,,,,
3277,Cimahi,Jawa Barat,338.03,,,,,,,,,,
3274,Cirebon,Jawa Barat,861.82,,,,,,,,,,
3276,Depok,Jawa Barat,72.13,,,,,,,,,,
3272,Sukabumi,Jawa Barat,13254.34,,,,,,,,,,
3278,Tasikmalaya,Jawa Barat,54233.66,,,,,,,,,,
3208,Kuningan,Jawa Barat,277583.76,1067197377729.8418,1061177633722.1497,1057095386200.0311,1053347751787.297,1020144699592.0966,998216417141.4203,983096009300.8821,969048335469.2694,42419835635.24199,39822799675.734215
3210,Majalengka,Jawa Barat,566087.34,1808787430590.4155,1825995670898.8684,1837388952678.9392,1847658043742.9631,1539553906747.3232,1510536974827.901,1491368319638.1836,1474199006062.127,73110527297.01944,60303933289.4321
3218,Pangandaran,Jawa Barat,148670.61,,,,,,,,,,
3214,Purwakarta,Jawa Barat,188731.69,867861549879.0724,870471877109.3174,872188325351.7078,873727325819.3552,850009361605.8595,848240714468.4147,847091612850.3743,846083754915.0636,34829291538.97963,33923023520.29326
3213,Subang,Jawa Barat,1038780.58,4724444035939.647,4763968192674.0205,4789205543941.743,4811329850762.405,4602800371328.403,4611526385605.886,4617304088355.009,4622550265519.443,190696916556.3776,184497184062.8485
3202,Sukabumi,Jawa Barat,508220.48,1800202327481.6812,1817303319070.1624,1828577995475.1812,1838707385985.2659,1835320826149.113,1846309775050.735,1853294810066.731,1859373636994.9724,72761148726.56757,73889828826.75082
3211,Sumedang,Jawa Barat,298163.0,1119645531413.2485,1136751069571.3923,1147852339465.3997,1157705775835.3567,1023160034864.873,1024045317893.2301,1024732139130.2045,1025445181556.3529,45534480504.27406,40968253500.983284
3206,Tasikmalaya,Jawa Barat,430961.73,1850250045576.7495,1866106232781.1326,1876384074732.4873,1885498379798.713,1681759777761.698,1690662014873.1765,1696481915759.3296,1701677106346.2205,74703655203.93538,67661123071.21281
3304,Banjarnegara,Jawa Tengah,109047.94,563408249941.0707,562795565282.9518,562346873976.9897,561909910859.7352,564728164477.9061,564142654380.0288,563709863174.1296,563286199642.206,22508160346.489048,22562103763.367973
3302,Banyumas,Jawa Tengah,275622.59,1423919471568.934,1422698853911.983,1421821457117.9114,1420979149319.2114,1425955182330.0264,1424612108285.2712,1423641927675.0654,1422709072992.9568,56901103226.54686,56976832379.93056
3325,Batang,Jawa Tengah,130915.33,,,,,,,,,,
3316,Blora,Jawa Tengah,481758.33,2440331380724.076,2438612217762.6045,2437438117298.917,2436354393394.439,2461603198171.305,2457747756430.286,2455040777356.6724,2452494341784.2827,97536482765.83223,98290034939.51071
3309,Boyolali,Jawa Tengah,293909.04,1483810350968.2715,1482509609477.9888,1481619326196.4841,1480796195586.3474,1498559588362.0554,1496441346222.5276,1494964530303.0938,1493581066943.9414,59294275630.528854,59846999787.99081
3329,Brebes,Jawa Tengah,442225.87,1981846777560.774,1976557915350.8333,1972968700254.0237,1969671827932.6907,1973866076455.5845,1956483333360.0613,1944539890127.727,1933489110036.2954,79038288903.43126,78176653656.23265
3301,Cilacap,Jawa Tengah,761355.92,3909538370209.9053,3903320256238.9966,3898810432960.402,3894451155877.9263,3910461497111.86,3902450921550.984,3896560201629.057,3890810308172.564,156096829100.51273,156049532564.62375
3321,Demak,Jawa Tengah,615685.96,3099141890217.6143,3105307500153.8643,3109248209050.063,3112705577579.7656,3125016138301.725,3126108797371.905,3126861368514.2373,3127569212446.064,124233956119.94296,125049668778.83217
3315,Grobogan,Jawa Tengah,778895.15,3917740506448.101,3920874760827.3457,3922936453796.447,3924785524665.993,3958939693463.692,3956767884512.295,3955333772400.8594,3954054216608.1685,156847516779.92474,158261964897.7854
3320,Jepara,Jawa Tengah,203279.05,1008908804493.138,1008826408603.529,1008771145177.5214,1008720837744.3389,1017892358765.6477,1015689102462.5234,1014170329466.681,1012762368477.8855,40352699199.61486,40616959339.67298
3313,Karanganyar,Jawa Tengah,268582.78,1375050830844.793,1373505417775.6514,1372419278438.292,1371394453001.6611,1383877572423.4795,1382112289904.3372,1380835961630.6758,1379605131201.796,54932204973.60067,55274383684.25783
3305,Kebumen,Jawa Tengah,424840.1,2184605068844.2717,2181106715920.043,2178548964722.4548,2176061254572.455,2192105203482.045,2188799423171.0405,2186357560560.052,2183966266014.1807,87223471927.0302,87531667728.96573
3324,Kendal,Jawa Tengah,161073.29,805469988416.8746,807127361200.8068,808193352747.9176,809133110850.0236,813545477631.8636,813709536385.0846,813828079814.6134,813944743698.3081,32291088900.114353,32549335666.49997
3310,Klaten,Jawa Tengah,338083.63,1500926630536.6882,1478343904109.3088,1462179287921.0522,1446714479904.2085,1571823084063.378,1548764248145.718,1531794505045.7769,1515184035777.8813,59008860529.7044,61810338853.630936
3371,Magelang,Jawa Tengah,725.68,,,,,,,,,,
3375,Pekalongan,Jawa Tengah,7052.69,,,,,,,,,,
3373,Salatiga,Jawa Tengah,3382.08,,,,,,,,,,
3374,Semarang,Jawa Tengah,15201.27,,,,,,,,,,
3372,Surakarta,Jawa Tengah,135.08,,,,,,,,,,
3376,Tegal,Jawa Tengah,3215.28,,,,,,,,,,
3319,Kudus,Jawa Tengah,195692.08,968246197587.4844,968149321240.7444,968084332737.3923,968025163337.9567,979523160001.0996,977412165512.1952,975963721884.8467,974626789242.0253,38725552599.75085,39086511382.46688
3308,Magelang,Jawa Tengah,169112.19,831039707853.5153,825389899206.6288,821264971862.3229,817257779455.56,845192127370.0054,839925716072.0917,836000734875.5408,832125025532.0988,32982169797.722084,33563688072.51045
3318,Pati,Jawa Tengah,587469.44,2929498547065.313,2925890728056.258,2923420811498.6807,2921136796479.5547,2963710968944.83,2955705954379.9316,2950073114110.6577,2944766837607.3457,117018670458.84332,118186651781.28395
3326,Pekalongan,Jawa Tengah,164951.88,600569919104.0516,593575183445.2029,588792042338.7913,584372953348.6211,632398101584.452,619073782433.9065,609847119285.6147,601253301352.7306,23710273954.869236,24697637816.107147
3327,Pemalang,Jawa Tengah,390777.57,1317371046823.7317,1328190067703.784,1335352660834.6719,1341808180795.0942,1367426179117.5452,1355553787929.9788,1347714874937.4224,1340707305491.8813,53172040036.03711,54174238748.06769
3303,Purbalingga,Jawa Tengah,154076.91,789498315947.342,788124162801.7476,787130384312.2734,786171899640.7922,791841633348.7168,790352488255.1368,789265175378.7615,788210480291.7693,31517091973.483364,31605298422.3867
3306,Purworejo,Jawa Tengah,279100.57,1350240502799.3464,1334547099724.258,1322775144622.1682,1311100577890.6519,1371934081548.388,1357535441171.5461,1346564714028.044,1335541352859.2864,53280516726.069244,54203679615.29642
3317,Rembang,Jawa Tengah,179211.77,895188506617.5616,892966857879.8754,891410135897.2101,889944698380.982,906979297790.192,903830380592.5668,901551556134.9512,899356625182.52,35707281910.2183,36135157512.147675
3322,Semarang,Jawa Tengah,137763.91,,,,,,,,,,
3314,Sragen,Jawa Tengah,626632.73,3197066169654.725,3194999671629.1113,3193582370539.4214,3192269912467.666,3219840235667.3467,3216306344349.002,3213819213450.9937,3211472154927.1636,127790205122.57297,128633856314.00659
3311,Sukoharjo,Jawa Tengah,308529.08,1420442114937.366,1400302003042.5112,1385658297139.837,1371479507355.98,1473730817479.639,1454112771870.086,1439429025849.5276,1424871109133.2375,55894574123.62188,58038529723.57656
3328,Tegal,Jawa Tengah,341113.01,1530892111058.0476,1526676240654.546,1523813610840.3767,1521183027438.3984,1543787813785.306,1531079355581.0847,1522317047353.3706,1514186445130.7207,61047854799.190475,61181909966.31133
3323,Temanggung,Jawa Tengah,56887.24,284163471513.9704,284242783663.29376,284295630741.01776,284343497253.3011,287542807912.0567,287281189139.20465,287104906766.4321,286944452213.71454,11370045996.790361,11490096335.836094
3312,Wonogiri,Jawa Tengah,383143.3,1919165350520.6492,1913261359201.7014,1909065308007.331,1905072113467.7993,1942681202996.3618,1935912095889.9006,1930929602391.3271,1926052798121.062,76498601151.56526,77395299874.29019
3307,Wonosobo,Jawa Tengah,66996.75,,,,,,,,,,
3526,Bangkalan,Jawa Timur,198122.7,944826285063.3096,937638191144.2666,932506643483.8619,927606730930.3688,985158029466.9128,978439989145.1908,973444413844.3774,968521246577.0951,37466135982.18057,39095384168.64168
3510,Banyuwangi,Jawa Timur,462206.0,2269406814958.1475,2261777936546.489,2256442304820.1113,2251426777755.296,2314918470779.033,2302400435139.949,2293050514456.852,2283778165445.0044,90432263080.62677,92016042508.65941
3505,Blitar,Jawa Timur,215482.8,1034535690684.168,1024277596033.3552,1016769286491.5138,1009461645589.0339,1051879420945.2708,1039326495624.7219,1029730666819.391,1020061510629.6061,40909906658.397354,41486967552.78591
3522,Bojonegoro,Jawa Timur,704288.9,3547104403705.197,3538756460012.085,3532861493553.482,3527279090372.6733,3588559807572.189,3578089664056.9653,3570411667377.4927,3562929014644.636,141506236518.2698,143060739478.10876
3511,Bondowoso,Jawa Timur,238677.7,1215636218739.0837,1213819984988.7302,1212541314696.647,1211333240503.6763,1231198874776.2747,1229364175031.5657,1227993888039.398,1226635771922.801,48543325163.320694,49162852881.01103
3525,Gresik,Jawa Timur,411242.2,2020556213246.0115,2009368501643.9998,2001325687535.7905,1993604442473.0615,2071427029891.9382,2059874812603.7595,2051172293792.3872,2042508837568.6694,80311926254.71786,82319332701.29556
,,Jawa Timur,,,,,,,,,,,
,,Jawa Timur,,,,,,,,,,,
3509,Jember,Jawa Timur,607371.2,2918647933644.3403,2888916217311.006,2867082712220.451,2845779197873.0146,3000465575690.2637,2966022230037.556,2939076055158.2446,2911424548497.2935,115377338678.98322,118387569488.21298
3517,Jombang,Jawa Timur,337172.1,1710740182163.5652,1707574123332.2905,1705338189682.2288,1703220654013.9944,1723813365040.9336,1719356895101.266,1716052200499.0417,1712797679244.4822,68286263767.175804,68746488435.63205
3506,Kediri,Jawa Timur,168853.6,821626905196.1458,817181628357.3049,814021592231.8849,811013901235.3722,834159713590.8387,828198178557.2063,823774872866.6589,819415975422.9034,32663263523.82372,33090680625.160076
3579,Batu,Jawa Timur,6762.57,,,,,,,,,,
3572,Blitar,Jawa Timur,5212.13,,,,,,,,,,
3571,Kediri,Jawa Timur,10197.5,46688445045.584206,46177914265.19627,45814358400.19916,45467892872.716156,48069036862.57515,47419965117.56305,46939317178.07483,46466478121.47983,1844343281.7443929,1892769729.6641548
3577,Madiun,Jawa Timur,11453.92,,,,,,,,,,
3573,Malang,Jawa Timur,10771.15,,,,,,,,,,
3576,Mojokerto,Jawa Timur,5032.96,,,,,,,,,,
3575,Pasuruan,Jawa Timur,7293.69,,,,,,,,,,
3574,Probolinggo,Jawa Timur,8103.92,,,,,,,,,,
3578,Surabaya,Jawa Timur,8117.31,,,,,,,,,,
3524,Lamongan,Jawa Timur,903882.3,4449975625216.066,4437430753237.693,4428701376533.101,4420527598519.245,4561921773776.224,4544854910385.805,4532428845823.032,4520383889852.827,177434521752.6256,181694159389.10336
3508,Lumajang,Jawa Timur,300829.0,1420567948560.5452,1402087232141.1504,1388469868807.0974,1375149318915.9075,1468052732906.9536,1446712976001.815,1429982972185.57,1412794998865.669,55970792150.590836,57710650738.64101
3519,Madiun,Jawa Timur,401573.7,1940801280208.5767,1930807137526.5742,1923758355073.6062,1917089820553.2395,1974723469406.2158,1961153323707.462,1951218553028.2935,1941533705225.5586,77179815449.4459,78365018910.47934
3520,Magetan,Jawa Timur,266699.9,1349399048011.191,1346968188600.4214,1345261817267.286,1343653284450.2244,1360547677400.6553,1357280468048.8137,1354903976345.6797,1352599781860.406,53866180838.40809,54272114078.52704
3507,Malang,Jawa Timur,271606.8,1292133956512.1694,1276944714598.0906,1265770775025.103,1254853668413.041,1317211902267.771,1298361793377.968,1283811079449.0996,1269041884130.3928,50985652163.185165,51801327747.852776
3516,Mojokerto,Jawa Timur,281829.4,1403355941599.294,1398881753128.8916,1395719950366.2961,1392724137328.5605,1423249388958.9954,1417126584580.122,1412579277955.457,1408096616730.1973,55931614277.15661,56646703199.04682
3518,Nganjuk,Jawa Timur,376476.4,1878585787606.1218,1873103918329.1533,1869238016458.3071,1865580865716.9934,1898950064334.8945,1891394178096.429,1885838407789.1106,1880402918471.2815,74895386842.68393,75609941006.40724
3521,Ngawi,Jawa Timur,755939.0,3860444866954.6807,3856145897379.459,3853142586250.347,3850321831259.287,3884291271120.62,3878534569931.3438,3874392396408.816,3870413629617.257,154224030639.0565,155108965838.76767
3501,Pacitan,Jawa Timur,90428.21,,,,,,,,,,
3528,Pamekasan,Jawa Timur,107648.7,502848701986.23804,498525249760.75165,495456785554.8583,492539993076.16766,532538283325.27954,529312752639.27045,526938021077.50116,524610318719.01013,19917800002.245697,21152850522.494934
3514,Pasuruan,Jawa Timur,247255.7,1219309675273.835,1214599183520.9688,1211271201081.7305,1208118547560.746,1243493194629.9087,1237395810640.532,1232852129688.386,1228358339074.843,48559083947.13194,49457194516.93805
3502,Ponorogo,Jawa Timur,359413.8,1752209451403.366,1745741313103.2112,1741221741551.3748,1736976382816.7307,1782552966267.236,1773561967773.1084,1767043895985.6238,1760735212693.235,69796822822.70995,70890456836.00662
3513,Probolinggo,Jawa Timur,185412.5,896756513718.2255,893568847067.5918,891354624452.4368,889284154358.3334,929383608486.1766,925428567259.6355,922530200869.065,919698462192.6642,35726923919.32396,36993395436.057465
3527,Sampang,Jawa Timur,172494.4,,,,,,,,,,
3515,Sidoarjo,Jawa Timur,194540.5,962721707017.4341,959721894311.2098,957617537318.593,955634876740.9738,979877756710.8474,975728688262.0153,972670794616.5377,969673591457.913,38373429920.57806,39003789388.1764
3512,Situbondo,Jawa Timur,141628.0,716084559898.0227,714713438827.2275,713749273144.5625,712839166252.9845,729291155555.5741,728135518994.4258,727280619751.7825,726439995632.4202,28581415530.316032,29118269267.91333
3529,Sumenep,Jawa Timur,230581.3,,,,,,,,,,
3503,Trenggalek,Jawa Timur,115758.0,541994853548.1568,537849574411.29944,534922252326.70056,532150243849.5932,557302123799.1301,552203088384.1139,548470784298.9711,544831026547.2064,21492121877.21182,22057651023.975227
3523,Tuban,Jawa Timur,498938.6,2535219958810.1777,2529052583767.888,2524610557566.2876,2520339767429.151,2561239901237.051,2554752081527.8965,2549886625966.442,2545065959241.1543,101127251177.15445,102148234957.70857
3504,Tulungagung,Jawa Timur,207217.3,,,,,,,,,,
6107,Bengkayang,Kalimantan Barat,32340.73,,,,,,,,,,
,,Kalimantan Barat,,,,,,,,,,,
6106,Kapuas Hulu,Kalimantan Barat,15174.03,,,,,,,,,,
6111,Kayong Utara,Kalimantan Barat,42280.23,,,,,,,,,,
6104,Ketapang,Kalimantan Barat,105650.43,402782491992.19037,398950626942.1121,396332036872.98236,393913946545.8392,376756333581.90906,372823928894.0474,370089902677.4376,367523509712.7286,15940138244.858318,14893306058.638405
6171,Pontianak,Kalimantan Barat,457.53,,,,,,,,,,
6172,Singkawang,Kalimantan Barat,12166.26,,,,,,,,,,
6112,Kubu Raya,Kalimantan Barat,70329.98,,,,,,,,,,
6108,Landak,Kalimantan Barat,93452.27,413631128327.90204,404326599178.4282,397471859426.50275,390768768642.03217,336869670678.9576,320690965894.2335,309186497529.78296,298270626203.786,16116366526.86169,12740447558.867844
6110,Melawi,Kalimantan Barat,7952.03,,,,,,,,,,
6102,Mempawah,Kalimantan Barat,50190.35,,,,,,,,,,
6101,Sambas,Kalimantan Barat,176541.14,825964699420.6915,810993358308.8258,799701161051.6316,788457091981.645,700640411298.9911,664414091183.6337,637656257387.8354,611552494805.5026,32341356301.12387,26354733003.48562
6103,Sanggau,Kalimantan Barat,64116.98,306708292520.5929,306223700131.25183,305894467111.9005,305591788076.44244,286744517804.99414,285986654141.15674,285462961210.86664,284974136081.75305,12246736680.605007,11435767632.426498
6109,Sekadau,Kalimantan Barat,29270.04,144839505916.9013,144233279602.9614,143801517405.02435,143389970235.73352,140107367648.76984,138962756969.2427,138140789086.76337,137351422870.49901,5766036184.103764,5552101303.81394
6105,Sintang,Kalimantan Barat,31303.8,,,,,,,,,,
6311,Balangan,Kalimantan Selatan,15548.9,78504558161.66449,78662077410.80904,78762246593.90616,78849790422.96938,77582851543.66881,77645313509.88564,77684950652.10611,77719408943.93622,3147023248.490815,3106023685.909375
6304,Barito Kuala,Kalimantan Selatan,186867.79,966408455915.9108,966490812995.2152,966545521824.9385,966594959040.69,966529456543.0457,966352937859.6906,966232618087.051,966121747274.3527,38659975641.97167,38653301808.942696
6306,Hulu Sungai Selatan,Kalimantan Selatan,58463.58,292816297400.5847,293571838633.6634,294051622121.68915,294470478511.9059,290162079904.677,290691408155.50146,291037624552.8349,291347834399.1804,11745446880.067654,11629727758.596235
6307,Hulu Sungai Tengah,Kalimantan Selatan,109758.31,563916821044.2664,563908098884.6967,563902251684.2196,563896930812.416,560199893957.8041,559607021531.1396,559197136959.9639,558815628855.0892,22556286222.873783,22381390760.210472
6308,Hulu Sungai Utara,Kalimantan Selatan,25622.89,131240682101.40329,131435836488.58144,131557672263.25505,131662664182.24098,130523694138.22812,130650288490.66977,130731233181.23692,130802348048.09131,5258044395.724482,5226457570.528863
6372,Banjarbaru,Kalimantan Selatan,3078.86,15973273228.161768,15968114034.940325,15964487590.101162,15961065478.156643,15957549365.783743,15946958175.636337,15939246419.885061,15931759349.927366,638697801.8736285,637816153.1009547
6371,Banjarmasin,Kalimantan Selatan,4932.7,25598938139.64249,25592378515.331573,25587801949.541626,25583507900.894405,25602750009.941147,25591064740.664406,25582643278.092262,25574533279.576115,1023662030.0289924,1023576350.3911484
6302,Kotabaru,Kalimantan Selatan,17609.79,91506369243.6816,91473969095.32011,91450602716.30708,91428113833.26442,91045653504.54263,90911357971.72351,90808777893.1726,90705362890.31369,3658774847.4299254,3635534667.9988556
6309,Tabalong,Kalimantan Selatan,54341.6,271981210734.52454,272583978618.39035,272970042298.43192,273309296629.44067,268463271810.55524,268638378654.2475,268749445269.7361,268845898556.92892,10905497201.41464,10746125249.975658
6310,Tanah Bumbu,Kalimantan Selatan,39429.0,204804184635.43405,204747286447.25015,204707095037.37952,204669024712.84766,203698778171.8001,203436025915.72202,203239318738.9129,203043958551.09595,8189591076.352063,8135750430.222806
6301,Tanah Laut,Kalimantan Selatan,73487.24,380895990127.5242,380568167002.0788,380324188833.32367,380083620218.3985,380604905883.2121,380103035502.6262,379717256238.3529,379327105429.12427,15220661258.501802,15200622379.28221
6305,Tapin,Kalimantan Selatan,101228.04,525260219522.97675,525403361749.9693,525495070281.2713,525575679766.2166,524842880553.9593,524907785458.80347,524951196630.8771,524990900758.3553,21016642942.09299,20996591465.777145
6303,Banjar,Kalimantan Selatan,129050.5,668626866326.2943,668578006655.8502,668544984917.2263,668514748132.2946,668262704507.8896,668018428943.0878,667846941395.6749,667684981214.8599,26742901879.36457,26719473878.894634
6204,Barito Selatan,Kalimantan Tengah,6170.98,31138400169.431084,31158297482.865788,31171415196.7052,31183200301.20146,31069362697.049637,31048821669.819614,31035323380.3114,31023315752.264027,1246412187.6193495,1241871749.32613
6213,Barito Timur,Kalimantan Tengah,17525.59,88935851401.57819,89031506537.80255,89093516825.37503,89148514757.46466,88618448646.63518,88574419856.33813,88543768089.15852,88514983472.12549,3561618849.988073,3542755813.329571
6205,Barito Utara,Kalimantan Tengah,8092.07,,,,,,,,,,
6210,Gunung Mas,Kalimantan Tengah,568.9,,,,,,,,,,
6203,Kapuas,Kalimantan Tengah,153060.04,790742191917.4305,790755641061.563,790764636340.6862,790772807440.4225,791814080531.4337,791653998730.0165,791547327121.8539,791451167765.2043,31630283277.906197,31665487577.595848
6206,Katingan,Kalimantan Tengah,30994.22,158768514798.23877,158643991366.19888,158557620512.99548,158476945365.14026,159712121202.60446,159612716320.0172,159543987250.50592,159479956273.0504,6345144600.135316,6384023548.741703
6271,Palangkaraya,Kalimantan Tengah,24.93,,,,,,,,,,
6201,Kotawaringin Barat,Kalimantan Tengah,330.44,,,,,,,,,,
6202,Kotawaringin Timur,Kalimantan Tengah,29160.84,150095420601.1778,149917399439.05414,149789458579.74402,149666652166.9243,150902265194.7937,150798270828.60654,150724608435.23434,150654783740.56308,5995697431.404012,6031377068.042852
6209,Lamandau,Kalimantan Tengah,894.55,,,,,,,,,,
6212,Murung Raya,Kalimantan Tengah,2184.04,,,,,,,,,,
6211,Pulang Pisau,Kalimantan Tengah,85923.18,442727317190.82806,442654622029.23413,442605390397.486,442560240028.20996,444760625108.73364,444637858548.2145,444555155851.4358,444479868931.61084,17705857305.72415,17784974458.643314
6207,Seruyan,Kalimantan Tengah,6897.39,,,,,,,,,,
6208,Sukamara,Kalimantan Tengah,2091.58,,,,,,,,,,
6403,Berau,Kalimantan Timur,21135.98,,,,,,,,,,
,,Kalimantan Timur,,,,,,,,,,,
6474,Bontang,Kalimantan Timur,255.43,,,,,,,,,,
6472,Samarinda,Kalimantan Timur,5492.34,,,,,,,,,,
6407,Kutai Barat,Kalimantan Timur,1284.77,,,,,,,,,,
6402,Kutai Kartanegara,Kalimantan Timur,105025.7,537075149575.8419,536217584858.0953,535605427868.73486,535020891603.1773,534340390740.77405,532401349754.38416,530964084887.8367,529553926831.2119,21444004932.801968,21284014320.64468
6408,Kutai Timur,Kalimantan Timur,12076.25,,,,,,,,,,
6411,Mahakam Ulu,Kalimantan Timur,489.42,,,,,,,,,,
6401,Paser,Kalimantan Timur,48202.66,,,,,,,,,,
6409,Penajam Paser Utara,Kalimantan Timur,45160.69,226562042845.07162,226854647259.13223,227045340639.8376,227215155800.9065,223544594349.9851,223040962002.54645,222675276273.65155,222318788200.0224,9075308953.062746,8918694101.127417
6471,Balikpapan,Kalimantan Timur,302.1,,,,,,,,,,
6501,Bulungan,Kalimantan Utara,11626.22,,,,,,,,,,
6571,Tarakan,Kalimantan Utara,61.6,,,,,,,,,,
6502,Malinau,Kalimantan Utara,5333.52,,,,,,,,,,
6503,Nunukan,Kalimantan Utara,12945.28,,,,,,,,,,
6504,Tana Tidung,Kalimantan Utara,566.97,,,,,,,,,,
1901,Bangka,Kepulauan Bangka Belitung,4574.6,,,,,,,,,,
1905,Bangka Barat,Kepulauan Bangka Belitung,2152.7,,,,,,,,,,
1903,Bangka Selatan,Kepulauan Bangka Belitung,52191.12,,,,,,,,,,
1904,Bangka Tengah,Kepulauan Bangka Belitung,310.07,,,,,,,,,,
1902,Belitung,Kepulauan Bangka Belitung,807.06,,,,,,,,,,
1906,Belitung Timur,Kepulauan Bangka Belitung,1389.52,,,,,,,,,,
1971,Pangkal Pinang,Kepulauan Bangka Belitung,0.0,,,,,,,,,,
2101,Bintan,Kepulauan Riau,25.36,,,,,,,,,,
2102,Karimun,Kepulauan Riau,0.0,,,,,,,,,,
2105,Kepulauan Anambas,Kepulauan Riau,76.13,,,,,,,,,,
,,Kepulauan Riau,,,,,,,,,,,
2171,Batam,Kepulauan Riau,0.0,,,,,,,,,,
2172,Tanjung Pinang,Kepulauan Riau,0.0,,,,,,,,,,
2104,Lingga,Kepulauan Riau,118.12,,,,,,,,,,
2103,Natuna,Kepulauan Riau,287.3,,,,,,,,,,
1871,Bandar Lampung,Lampung,2721.97,,,,,,,,,,
1872,Metro,Lampung,29297.35,,,,,,,,,,
1804,Lampung Barat,Lampung,62802.09,,,,,,,,,,
1802,Lampung Tengah,Lampung,566601.47,2826555570599.1665,2830992380812.6064,2833879235345.092,2836446844525.47,2786880936067.9053,2784539860804.809,2782769164665.9546,2780984653529.355,113256603212.6198,111365953164.78432
1807,Lampung Timur,Lampung,449294.9,2247678446539.831,2250986728066.489,2253139115562.2407,2255053358997.422,2211385274971.283,2211221960204.255,2210981883831.9023,2210654492252.5396,90052071823.87552,88444618669.19965
1803,Lampung Utara,Lampung,63452.76,,,,,,,,,,
1811,Mesuji,Lampung,296934.72,1472519536550.419,1474429036692.5754,1475681526020.9897,1476802400965.6572,1440586938777.532,1436017437038.4617,1432696522049.2268,1429455560011.815,58984699930.82034,57413892039.828766
1809,Pesawaran,Lampung,130558.89,637432946771.6348,638072322620.1567,638495400999.3842,638876573155.8759,628362864121.8986,627002180326.3977,626048278067.2468,625145737762.7563,25525513527.104904,25073067734.99222
1813,Pesisir Barat,Lampung,60772.93,306851863999.2335,307568705316.5327,308020481265.2188,308412613555.41187,305033060171.3055,305670763405.7446,306077402760.8171,306433795564.5394,12305101364.749958,12229047843.837538
1810,Pringsewu,Lampung,137096.53,,,,,,,,,,
1806,Tanggamus,Lampung,128674.92,643608423777.3533,645553997324.5558,646780381589.1107,647844996332.5765,637605998228.87,638925114578.0144,639762513168.2261,640492199927.7468,25828552224.682793,25561482205.79895
1805,Tulang Bawang,Lampung,268323.74,1351152796845.5051,1352546561539.045,1353457793729.2341,1354271242309.3967,1329397978823.0889,1327071407096.0234,1325363859546.5288,1323682825114.3916,54107287437.54037,53068741546.84421
1812,Tulang Bawang Barat,Lampung,50700.33,248500845239.7467,248113850324.6429,247849466376.54022,247605373339.28342,240484682073.6548,238676655843.94394,237379742648.1142,236132930238.88654,9922749551.654417,9536965111.252825
1808,Way Kanan,Lampung,100985.27,,,,,,,,,,
1801,Lampung Selatan,Lampung,339941.87,1618124383674.3806,1618470168918.2861,1618701358778.1597,1618911307802.966,1570285720307.084,1565543385517.1746,1562300204780.6907,1559303111741.3538,64740286395.364136,62599531406.263466
8104,Buru,Maluku,45450.84,234610868878.1957,234550463924.1435,234509180616.53262,234471053912.16995,231562074293.0643,231088333094.44275,230739695172.7947,230396859800.31174,9381736469.961561,9240641319.331823
8109,Buru Selatan,Maluku,0.0,,,,,,,,,,
8107,Kepulauan Aru,Maluku,0.0,,,,,,,,,,
8103,Kepulauan Tanimbar (Maluku Tenggara Barat),Maluku,293.5,,,,,,,,,,
8171,Ambon,Maluku,0.0,,,,,,,,,,
8172,Tual,Maluku,0.53,,,,,,,,,,
,,Maluku,,,,,,,,,,,
,,Maluku,,,,,,,,,,,
,,Maluku,,,,,,,,,,,
,,Maluku,,,,,,,,,,,
,,Maluku,,,,,,,,,,,
,,Maluku,,,,,,,,,,,
8108,Maluku Barat Daya,Maluku,0.0,,,,,,,,,,
8101,Maluku Tengah,Maluku,33435.21,172591560823.4709,172744197993.6029,172839189488.7142,172920851975.92715,170459481261.00037,170603239030.84903,170687332884.96146,170754796954.0517,6910238057.879956,6824425639.830792
8106,Seram Bagian Barat,Maluku,3335.63,,,,,,,,,,
8105,Seram Bagian Timur,Maluku,10085.35,51375211675.69428,51617718954.58914,51752917376.44127,51859797602.19321,50236880189.139206,50611892238.489235,50823655288.152985,50992600979.34085,2065059823.3026628,2025084634.6293404
8102,Maluku Tenggara,Maluku,0.0,,,,,,,,,,
8201,Halmahera Barat,Maluku Utara,226.18,,,,,,,,,,
8204,Halmahera Selatan,Maluku Utara,121.88,,,,,,,,,,
8202,Halmahera Tengah,Maluku Utara,103.47,,,,,,,,,,
8206,Halmahera Timur,Maluku Utara,15285.65,,,,,,,,,,
8203,Halmahera Utara,Maluku Utara,6893.28,,,,,,,,,,
8205,Kepulauan Sula,Maluku Utara,16.63,,,,,,,,,,
8271,Ternate,Maluku Utara,0.0,,,,,,,,,,
8272,Tidore Kepulauan,Maluku Utara,0.0,,,,,,,,,,
,,Maluku Utara,,,,,,,,,,,
,,Maluku Utara,,,,,,,,,,,
,,Maluku Utara,,,,,,,,,,,
,,Maluku Utara,,,,,,,,,,,
8207,Pulau Morotai,Maluku Utara,1838.94,,,,,,,,,,
8208,Pulau Taliabu,Maluku Utara,0.0,,,,,,,,,,
5206,Bima,Nusa Tenggara Barat,,,,,,,,,,,
5205,Dompu,Nusa Tenggara Barat,,,,,,,,,,,
5272,Kota Bima,Nusa Tenggara Barat,,,,,,,,,,,
5271,Kota Mataram,Nusa Tenggara Barat,,,,,,,,,,,
5201,Lombok Barat,Nusa Tenggara Barat,,,,,,,,,,,
5202,Lombok Tengah,Nusa Tenggara Barat,,,,,,,,,,,
5203,Lombok Timur,Nusa Tenggara Barat,,,,,,,,,,,
5208,Lombok Utara,Nusa Tenggara Barat,,,,,,,,,,,
5204,Sumbawa,Nusa Tenggara Barat,,,,,,,,,,,
5207,Sumbawa Barat,Nusa Tenggara Barat,,,,,,,,,,,
5305,Timor Tengah Utara,Nusa Tenggara Timur,25924.14,130689893619.47812,130361191018.20859,130127898323.46928,129906116550.12395,130508159960.55795,130056885933.09633,129729708900.49019,129412999236.63554,5212682803.906532,5199663554.462395
5304,Timor Tengah Selatan,Nusa Tenggara Timur,15615.68,,,,,,,,,,
5306,Belu,Nusa Tenggara Timur,23238.92,,,,,,,,,,
5371,Kupang,Nusa Tenggara Timur,1568.24,,,,,,,,,,
5301,Sumba Barat,Nusa Tenggara Timur,30180.24,121272155793.8511,118513747770.59082,116555733636.83037,114694583433.57782,89366495648.86577,84204955182.15717,80559212005.12848,77105523308.65257,4725735727.627061,3340951643.422611
5313,Manggarai,Nusa Tenggara Timur,88358.88,,,,,,,,,,
5321,Malaka,Nusa Tenggara Timur,25806.1,100161920061.17667,97905171820.60611,96316384255.70987,94815640227.87413,96402366192.06844,93660113548.01407,91715506078.62332,89866158118.31218,3904437333.5616565,3731712520.5980673
5310,Sikka,Nusa Tenggara Timur,11345.98,,,,,,,,,,
5315,Manggarai Barat,Nusa Tenggara Timur,124086.7,629557072159.1947,628928458164.1268,628495034797.1552,628092040176.3928,626229869590.2928,624145377525.6918,622621097678.6794,621133367769.7744,25154102153.66584,24953381714.60616
5319,Manggarai Timur,Nusa Tenggara Timur,77979.11,396143213952.03546,396321623758.99066,396439453400.9447,396545457124.4448,395050171735.02704,394565187019.6778,394214621468.6472,393873931111.3296,15853590322.983885,15779814012.173923
5316,Nagekeo,Nusa Tenggara Timur,27527.08,139922537293.04575,139634651950.34903,139429347046.07776,139233451156.7735,140268544315.15207,139833461135.85742,139508582523.06967,139186486060.89868,5583814086.65173,5590561422.800231
5309,Flores Timur,Nusa Tenggara Timur,7516.59,,,,,,,,,,
5314,Rote Ndao,Nusa Tenggara Timur,28835.23,143084561517.74564,142130056933.89743,141422932888.0436,140728251278.48676,145727401084.96228,144816162684.7161,144106840134.29263,143381267213.864,5679277691.239674,5786040042.691753
5320,Sabu Raijua,Nusa Tenggara Timur,7204.79,,,,,,,,,,
5307,Alor,Nusa Tenggara Timur,3555.68,18316028314.33609,18323790140.689163,18328843068.376274,18333339028.401936,18386981144.90142,18385708169.92424,18384718930.56611,18383697249.21174,732981252.9995221,735419066.1868888
5312,Ngada,Nusa Tenggara Timur,48062.41,230067660591.8212,229969281062.35925,229903126816.53558,229842786103.9924,227419975856.28287,225903315766.74188,224813961507.81845,223764217973.54074,9198340339.113832,9027610712.94129
5317,Sumba Tengah,Nusa Tenggara Timur,24187.39,116943064564.51042,116732486864.7745,116588796921.64761,116456255704.47331,116062032580.29541,115191271045.69267,114559062212.14731,113945199064.08734,4668322113.921215,4602578282.634134
5311,Ende,Nusa Tenggara Timur,21881.53,104110349820.06258,103892492836.19159,103743976242.65967,103607082201.97183,103583153213.17046,102660191471.35196,101990581347.24104,101340885642.31496,4154692276.0985794,4101045254.476117
5302,Sumba Timur,Nusa Tenggara Timur,52283.93,119999094425.62383,113851469185.40598,109614456268.0111,105676889325.45885,67827482718.86046,59419213190.12063,53622213269.80727,48227990134.63729,4524416857.459628,2336136662.141333
5303,Kupang,Nusa Tenggara Timur,61254.96,183284518889.65207,178604783454.3231,175389479128.81735,172408261961.40332,169801014166.9568,164357136880.2046,160554783299.4346,156974858634.50858,7121890607.471729,6546629471.709674
5318,Sumba Barat Daya,Nusa Tenggara Timur,49435.23,,,,,,,,,,
5308,Lembata,Nusa Tenggara Timur,201.09,,,,,,,,,,
9106,Biak Numfor,Papua,0.0,,,,,,,,,,
9103,Jayapura,Papua,1395.07,,,,,,,,,,
9111,Keerom,Papua,124.8,,,,,,,,,,
9105,Kepulauan Yapen,Papua,0.0,,,,,,,,,,
9171,Jayapura,Papua,1260.48,,,,,,,,,,
9120,Mamberamo Raya,Papua,0.0,,,,,,,,,,
9110,Sarmi,Papua,57.72,,,,,,,,,,
9119,Supiori,Papua,0.0,,,,,,,,,,
9115,Waropen,Papua,37.7,,,,,,,,,,
9203,Fak Fak,Papua Barat,48.97,,,,,,,,,,
9208,Kaimana,Papua Barat,0.0,,,,,,,,,,
9202,Manokwari,Papua Barat,15545.55,,,,,,,,,,
9212,Pegunungan Arfak,Papua Barat,0.0,,,,,,,,,,
9206,Teluk Bintuni,Papua Barat,422.2,,,,,,,,,,
9207,Teluk Wondama,Papua Barat,0.0,,,,,,,,,,
9211,Manokwari Selatan,Papua Barat,4928.0,,,,,,,,,,
9671,Sorong,Papua Barat Daya,0.0,,,,,,,,,,
9605,Raja Ampat,Papua Barat Daya,0.0,,,,,,,,,,
9603,Raja Ampat,Papua Barat Daya,,,,,,,,,,,
9601,Sorong,Papua Barat Daya,0.0,,,,,,,,,,
9602,Sorong Selatan,Papua Barat Daya,,,,,,,,,,,
9604,Sorong Selatan,Papua Barat Daya,0.0,,,,,,,,,,
9501,Jayawijaya,Papua Pegunungan,0.0,,,,,,,,,,
9507,Lanny Jaya,Papua Pegunungan,0.0,,,,,,,,,,
9505,Mamberamo Tengah,Papua Pegunungan,0.0,,,,,,,,,,
9508,Nduga,Papua Pegunungan,0.0,,,,,,,,,,
9502,Pegunungan Bintang,Papua Pegunungan,0.0,,,,,,,,,,
9504,Tolikara,Papua Pegunungan,0.0,,,,,,,,,,
9503,Yahukimo,Papua Pegunungan,0.0,,,,,,,,,,
9506,Yalimo,Papua Pegunungan,0.0,,,,,,,,,,
9304,Asmat,Papua Selatan,0.0,,,,,,,,,,
9302,Boven Digoel,Papua Selatan,0.0,,,,,,,,,,
9303,Mappi,Papua Selatan,0.0,,,,,,,,,,
9301,Merauke,Papua Selatan,0.0,0.0,0.0,0.0,0.0,0.0,0.0,0.0,0.0,0.0,0.0
9408,Deiyai,Papua Tengah,0.0,,,,,,,,,,
9406,Dogiyai,Papua Tengah,0.0,,,,,,,,,,
9407,Intan Jaya,Papua Tengah,0.0,,,,,,,,,,
9404,Mimika,Papua Tengah,0.0,,,,,,,,,,
9401,Nabire,Papua Tengah,0.0,,,,,,,,,,
9403,Paniai,Papua Tengah,0.0,,,,,,,,,,
9405,Puncak,Papua Tengah,0.0,,,,,,,,,,
9402,Puncak Jaya,Papua Tengah,0.0,,,,,,,,,,
1403,Bengkalis,Riau,15167.82,,,,,,,,,,
1404,Indragiri Hilir,Riau,57471.26,291777358769.927,290897027186.7421,290254174252.2903,289629529664.851,284786947984.791,281869691596.934,279608235202.85516,277304510298.30206,11630669097.172684,11253912307.512878
1402,Indragiri Hulu,Riau,3672.09,,,,,,,,,,
1401,Kampar,Riau,11663.19,,,,,,,,,,
1410,Kepulauan Meranti,Riau,6134.99,,,,,,,,,,
1472,Dumai,Riau,9375.92,,,,,,,,,,
1471,Pekanbaru,Riau,0.0,,,,,,,,,,
1409,Kuantan Singingi,Riau,21360.81,74958585770.96861,69195932870.82117,64879929274.00865,60610795434.63985,55369349772.405846,43969263988.76825,35421886539.50484,27010732014.441936,2730839853.0065517,1685682673.972715
1405,Pelalawan,Riau,18942.42,97100040866.83237,96904523565.90656,96761238619.29892,96621626487.43625,96494510807.51,96120407562.21173,95838299136.03291,95557406131.73547,3875009556.5233674,3842359457.5186877
1407,Rokan Hilir,Riau,34456.04,,,,,,,,,,
1406,Rokan Hulu,Riau,5849.07,,,,,,,,,,
1408,Siak,Riau,29463.62,148341427854.53452,147688863983.45615,147208160841.12793,146737944970.07867,148034074343.31238,146950679311.4664,146119301609.3214,145281038441.4301,5903578139.816761,5870522615.069702
7605,Majene,Sulawesi Barat,5643.12,,,,,,,,,,
7603,Mamasa,Sulawesi Barat,48965.06,171290604700.83624,171368665295.40485,171420914104.69357,171468402861.97406,128408306449.92613,126524573996.13637,125164757360.88255,123845660505.31667,6855082159.3108015,5050189356.865584
7602,Mamuju,Sulawesi Barat,70325.79,248326876975.3333,256462987983.95755,261617196612.22223,266107373351.67255,183859157579.2829,193335842423.52225,199226463196.26053,204263542883.5142,10285902775.872183,7762285717.900346
7606,Mamuju Tengah,Sulawesi Barat,25988.85,,,,,,,,,,
7601,Pasangkayu (Mamuju Utara),Sulawesi Barat,2925.23,,,,,,,,,,
7604,Polewali Mandar,Sulawesi Barat,199665.24,,,,,,,,,,
7303,Bantaeng,Sulawesi Selatan,56206.03,262555170662.70673,260419769095.54413,258908763885.5365,257475738556.94467,249563202560.92166,244971232413.56668,241644829949.95898,238429975249.74228,10405448524.043135,9772368978.160583
7311,Barru,Sulawesi Selatan,144793.92,,,,,,,,,,
7308,Bone,Sulawesi Selatan,915978.89,4330735497111.661,4289114894337.3135,4259139122455.703,4230323309332.242,4165423080708.54,4087657893985.139,4030495382966.8184,3974652359493.6323,171329454531.14764,163035628797.05246
7302,Bulukumba,Sulawesi Selatan,208838.17,1042936324086.1051,1041574551245.7972,1040640329486.9575,1039775038167.9744,1024986646197.967,1020475902826.8774,1017253263362.223,1014164335723.9454,41656529412.61949,40794181461.348236
7316,Enrekang,Sulawesi Selatan,40316.69,,,,,,,,,,
7306,Gowa,Sulawesi Selatan,231035.1,1157759074896.32,1154525650625.691,1152238364746.7532,1150069471965.1501,1130810659219.5757,1121581792062.6802,1114779291240.06,1108112755107.8718,46163868730.07864,44806857088.81154
7304,Jeneponto,Sulawesi Selatan,127923.41,651890933896.6572,651132687847.103,650604106653.1979,650108474422.307,642185636631.7688,639650255262.128,637799285078.5912,635996014621.9365,26041491830.854847,25570976578.231895
7301,Kepulauan Selayar,Sulawesi Selatan,6710.53,,,,,,,,,,
7371,Makassar,Sulawesi Selatan,12788.19,,,,,,,,,,
7373,Palopo,Sulawesi Selatan,16806.41,,,,,,,,,,
7372,Pare Pare,Sulawesi Selatan,4649.39,,,,,,,,,,
7317,Luwu,Sulawesi Selatan,277364.84,1350572468308.2183,1353030066388.5825,1354641457936.7622,1356083100424.0754,1322540492986.6123,1323720451657.5828,1324384149687.2673,1324886393067.1348,54130889045.37355,52950489653.69795
7324,Luwu Timur,Sulawesi Selatan,219608.6,1059343082086.3796,1061322183264.1755,1062622712132.4784,1063788213112.4952,1012188008129.1061,1010148040572.4426,1008662479531.3557,1007211718420.4204,42460762758.67372,40393882555.07149
7309,Maros,Sulawesi Selatan,196087.49,1013252919332.7216,1012750778633.6066,1012399813093.8184,1012070060603.3777,1009013443944.508,1007309466196.8303,1006042173936.2283,1004789268111.7844,40507479801.80551,40281638700.669846
7310,Pangkajene Kepulauan,Sulawesi Selatan,118394.01,602627527285.2852,601298177306.71,600342573094.9749,599425170534.5763,597469108597.5547,594428891929.1166,592141686032.8678,589864561721.3204,24044464710.955334,23757309885.224483
7315,Pinrang,Sulawesi Selatan,548084.63,2348756008506.5405,2357994336768.045,2364091960685.483,2369574946952.9336,2093002244667.7698,2088236928215.1873,2084382558903.033,2080310940767.8186,94357235450.74048,83490813426.5045
7314,Sidenreng Rappang,Sulawesi Selatan,535315.55,2529002177569.933,2535184590253.246,2539245792973.097,2542884335087.4087,2367962103322.6206,2365306124042.3696,2363095699384.598,2360716698014.226,101431947318.89467,94588995375.03812
7307,Sinjai,Sulawesi Selatan,103063.58,491024611419.1675,487985768142.50256,485842338232.08344,483814444048.25226,474534018286.838,468172272761.52313,463567359116.2279,459117375233.05035,19503472450.523647,18690284773.8524
7312,Soppeng,Sulawesi Selatan,292200.18,1383359399901.6335,1372682960888.9202,1365092181481.19,1357866723216.7764,1314824167224.5894,1290593185857.377,1272907108652.4148,1255716983080.1614,54849642926.717094,51480415210.887
,,Sulawesi Selatan,,,,,,,,,,,
7305,Takalar,Sulawesi Selatan,112369.69,535534128985.3724,532930116285.28705,531112801789.7583,529407365416.9123,501851593528.35596,493951242009.83374,488280294536.17255,482837790004.20605,21304047006.36948,19713891451.74989
7318,Tana Toraja,Sulawesi Selatan,82973.84,366487904930.5631,367725098387.27484,368541255858.9071,369274847295.9491,342359670171.3195,342677053550.26874,342804516770.20215,342850838451.2266,14714009503.057653,13706144508.28743
7326,Toraja Utara,Sulawesi Selatan,101859.8,445891155938.0141,448526553651.026,450247607741.7601,451782609854.83105,414091802385.138,416242799851.9422,417545140138.61847,418623122266.6693,17951268995.06343,16655282998.606146
7313,Wajo,Sulawesi Selatan,797933.74,3815050147527.567,3808139468767.2607,3803435131038.7754,3799103722910.209,3610940644537.6826,3584056982382.896,3565016974303.5703,3546870050826.735,152293800615.46625,143218487331.33597
7322,Luwu Utara,Sulawesi Selatan,208866.69,915262655005.351,928628304690.8419,937019183960.8292,944279659239.3606,863587029869.242,876468998627.3822,884426169281.876,891202249014.2244,37188162206.7783,35096730375.45773
7201,Banggai,Selawesi Tengah,141013.22,714230153100.3446,713646968727.8489,713247498876.7257,712877937973.2701,713384022810.6266,711511062916.1853,710175133703.4827,708899953960.1562,28543131618.74788,28450206919.198
7207,Banggai Kepulauan,Selawesi Tengah,992.99,,,,,,,,,,
7211,Banggai Laut,Selawesi Tengah,0.0,,,,,,,,,,
7205,Buol,Selawesi Tengah,16798.44,,,,,,,,,,
7203,Donggala,Selawesi Tengah,57266.29,295075206079.76416,294855830440.21906,294701551344.3774,294555909372.573,294109129290.41797,293600560924.33936,293226042942.2578,292858752442.8135,11793093293.763958,11740919317.407028
7271,Palu,Selawesi Tengah,888.75,,,,,,,,,,
7206,Morowali,Selawesi Tengah,35483.73,181830036402.22498,181896661597.13644,181940527471.8315,181979897173.24,180305290019.68628,180276611006.34863,180255310055.5365,180234328043.8773,7276133787.966628,7210884842.043526
7212,Morowali Utara,Selawesi Tengah,25365.23,,,,,,,,,,
7208,Parigi Moutong,Selawesi Tengah,245039.66,1237924527902.8481,1241737999804.3306,1244089145751.4165,1246095923482.0645,1220785277250.087,1223996583438.9758,1225961073063.2742,1227619291118.0947,49680699906.479225,48968825146.41836
7210,Sigi,Selawesi Tengah,80066.14,397460606582.1011,396637495725.92255,396067659855.76715,395536181640.0772,380099916462.47034,377084140612.0465,374911279132.8357,372815348028.8135,15861463052.036528,15066258943.06978
7209,Tojo Una Una,Selawesi Tengah,5677.34,,,,,,,,,,
7204,Toli Toli,Selawesi Tengah,57937.49,300222074254.0466,300249576791.7844,300267785758.5482,300284198324.4004,299953455356.92145,299868932154.33514,299808112960.6456,299749295829.34406,12010096068.756422,11994278510.374813
7202,Poso,Selawesi Tengah,77879.42,,,,,,,,,,
7406,Bombana,Sulawesi Tenggara,76588.65,,,,,,,,,,
7404,Buton,Sulawesi Tenggara,5852.1,,,,,,,,,,
7415,Buton Selatan,Sulawesi Tenggara,0.0,,,,,,,,,,
7414,Buton Tengah,Sulawesi Tenggara,25.29,,,,,,,,,,
7410,Buton Utara,Sulawesi Tenggara,2862.39,,,,,,,,,,
7401,Kolaka,Sulawesi Tenggara,51063.36,262141622682.11807,261759508278.49484,261484435642.79288,261220068389.14145,261972150150.94586,261356045345.62057,260894942529.9214,260437517387.4341,10468224814.864937,10450284343.645176
7411,Kolaka Timur,Sulawesi Tenggara,88994.39,451269928994.3863,450141162030.10065,449330886620.2398,448553846360.45184,451143980620.8682,449326839536.44275,447968800015.672,446623233468.0088,17999340737.88045,17961455433.65676
7408,Kolaka Utara,Sulawesi Tenggara,5125.64,,,,,,,,,,
7402,Konawe,Sulawesi Tenggara,132209.2,,,,,,,,,,
7412,Konawe Kepulauan,Sulawesi Tenggara,492.54,,,,,,,,,,
7405,Konawe Selatan,Sulawesi Tenggara,88805.39,443053532220.3074,442511099945.78186,442139708695.9037,441796241222.8617,442605726263.2866,441126824579.55505,440065719153.4647,439045076845.1923,17697893179.517063,17636800922.470257
7409,Konawe Utara,Sulawesi Tenggara,8952.07,46212355636.03578,46161399624.988785,46124302996.812294,46088340213.70266,46169475042.46614,46082425646.26737,46016186605.6383,45949656356.21848,1846157356.2056067,1842708222.4573078
7472,Bau Bau,Sulawesi Tenggara,8499.94,,,,,,,,,,
7471,Kendari,Sulawesi Tenggara,2329.73,,,,,,,,,,
7403,Muna,Sulawesi Tenggara,1769.58,,,,,,,,,,
7413,Muna Barat,Sulawesi Tenggara,5387.73,,,,,,,,,,
7407,Wakatobi,Sulawesi Tenggara,0.0,,,,,,,,,,
7407,Wakatobi,Sulawesi Tenggara,0.0,,,,,,,,,,
7407,Wakatobi,Sulawesi Tenggara,0.0,,,,,,,,,,
7413,Muna Barat,Sulawesi Tenggara,5387.73,,,,,,,,,,
7410,Buton Utara,Sulawesi Tenggara,2862.39,,,,,,,,,,
7403,Muna,Sulawesi Tenggara,1769.58,,,,,,,,,,
7404,Buton,Sulawesi Tenggara,5852.1,,,,,,,,,,
7101,Bolaang Mongondow,Sulawesi Utara,132488.55,650746679847.7715,655866408859.4354,658930434821.103,661486771982.1434,612254242061.8008,618701763633.6453,622529488304.6987,625681846988.1528,26247313813.813076,24763077710.477345
7111,Bolaang Mongondow Selatan,Sulawesi Utara,7578.19,,,,,,,,,,
7110,Bolaang Mongondow Timur,Sulawesi Utara,3831.66,,,,,,,,,,
7108,Bolaang Mongondow Utara,Sulawesi Utara,18031.28,,,,,,,,,,
7103,Kepulauan Sangihe,Sulawesi Utara,0.0,,,,,,,,,,
7109,Kepulauan Siau Tagulandang Biaro (Sitaro),Sulawesi Utara,0.0,,,,,,,,,,
7104,Kepulauan Talaud,Sulawesi Utara,0.0,,,,,,,,,,
7172,Bitung,Sulawesi Utara,233.62,,,,,,,,,,
7174,Kotamobagu,Sulawesi Utara,18494.03,,,,,,,,,,
7171,Manado,Sulawesi Utara,0.0,,,,,,,,,,
7173,Tomohon,Sulawesi Utara,2399.3,,,,,,,,,,
7102,Minahasa,Sulawesi Utara,34801.54,175979307071.2743,176138825611.84555,176243117378.2001,176336217617.6052,171395669526.62622,171298245134.8692,171215013960.67328,171123734045.68552,7046173917.2392645,6851016622.294485
7105,Minahasa Selatan,Sulawesi Utara,13010.03,,,,,,,,,,
7105/7110,Minahasa Selatan/Bolaang Mongondwo Timur,Sulawesi Utara,,,,,,,,,,,
7107,Minahasa Tenggara,Sulawesi Utara,7355.5,36834607969.18099,36958158786.06649,37035334691.18572,37101867172.33794,35450974038.46559,35564705689.94818,35632180313.28096,35687059969.17579,1478714209.2186587,1422847188.0243568
7106,Minahasa Utara,Sulawesi Utara,5506.58,,,,,,,,,,
1306,Agam,Sumatera Barat,137633.42,581472980263.2837,575826292163.5641,571919435327.0289,568277405107.8398,542552568150.4105,526842843988.4285,515684615442.28174,505082967276.15826,23005421503.45741,20989226035.801895
1310,Dharmasraya,Sumatera Barat,47554.99,,,,,,,,,,
1309,Kepulauan Mentawai,Sumatera Barat,1387.33,,,,,,,,,,
1375,Bukittinggi,Sumatera Barat,4082.69,,,,,,,,,,
1371,Padang,Sumatera Barat,45241.87,,,,,,,,,,
1374,Padang Panjang,Sumatera Barat,5789.0,,,,,,,,,,
1377,Pariaman,Sumatera Barat,16418.94,81508639954.63773,81289134625.34914,81135695684.9092,80991520937.27968,79107950615.01814,78323608418.622,77743245863.99318,77172000913.27856,3250449630.966846,3128083605.734407
1376,Payakumbuh,Sumatera Barat,27223.71,,,,,,,,,,
1373,Sawahlunto,Sumatera Barat,11600.3,,,,,,,,,,
1372,Solok,Sumatera Barat,13946.12,,,,,,,,,,
1307,Lima Puluh Kota,Sumatera Barat,118608.29,538828286282.5406,533291923212.79395,529376810265.044,525665585521.1263,503982264848.65717,489499949769.1263,478937214381.7984,468698643112.85504,21302335291.785545,19494710111.86784
1308,Pasaman,Sumatera Barat,144110.46,682944423173.8506,675551610089.2892,670170032560.4296,664954296863.035,673067707162.9403,660361919614.0808,650889030868.4899,641565061305.5028,26978758721.602524,26334173541.92705
1301,Pesisir Selatan,Sumatera Barat,161638.55,801200151282.4064,799848290265.3726,798918757009.4752,798056307980.6631,791278835279.0646,785747952989.5725,781680212171.5426,777691985435.9481,31987470078.745094,31396293243.058216
1303,Sijunjung,Sumatera Barat,53949.21,254985949783.46368,252895733977.23154,251405970150.98767,249985242237.37177,234744004705.978,227752659577.6395,222543101287.44113,217402727430.40088,10104439964.362614,9065893843.036709
1302,Solok,Sumatera Barat,179316.1,,,,,,,,,,
1311,Solok Selatan,Sumatera Barat,49760.15,,,,,,,,,,
,,Sumatera Barat,,,,,,,,,,,
,,Sumatera Barat,,,,,,,,,,,
,,Sumatera Barat,,,,,,,,,,,
,,Sumatera Barat,,,,,,,,,,,
1304,Tanah Datar,Sumatera Barat,169881.11,729607945184.1229,722489231380.3785,717547916167.2585,712930117099.5564,643931924154.1211,618929515617.3474,600947846038.1359,583682232585.246,28864312071.58187,24616620372.203236
1305,Padang Pariaman,Sumatera Barat,135072.49,641552951694.6373,640409119066.0671,639631585837.1366,638916474590.2273,609088827582.0723,601472671026.6833,595986123892.751,590692619622.719,25611134311.766064,24015715669.722015
1312,Pasaman Barat,Sumatera Barat,50317.46,248395556964.07678,245546460248.8853,243326802479.11856,241060526581.19913,246196286093.9343,241874204072.9672,238401011445.75525,234776207699.17294,9801190579.27539,9640717467.494102
1607,Banyuasin,Sumatera Selatan,897427.6,4578634491214.395,4580467254271.769,4581676586338.675,4582763784340.931,4594696765220.99,4590388413838.976,4587247273302.838,4584172785306.4795,183226112907.3164,183589981543.36258
1611,Empat Lawang,Sumatera Selatan,39687.3,198406438957.1286,199221042367.99237,199723416818.73196,200152294002.21304,201012833983.6632,201422566321.18216,201679760915.32642,201902454923.95883,7971233417.656519,8058222106.444687
1673,Lubuk Linggau,Sumatera Selatan,6381.94,,,,,,,,,,
1672,Pagar Alam,Sumatera Selatan,16820.27,,,,,,,,,,
1671,Palembang,Sumatera Selatan,11067.82,,,,,,,,,,
1674,Prabumulih,Sumatera Selatan,143.12,,,,,,,,,,
1604,Lahat,Sumatera Selatan,74549.71,381049070801.8602,381990846670.9066,382557516658.03705,383032293644.78156,381775140496.74786,382355988460.262,382712851676.0569,383016510332.31396,15282039596.859968,15295909617.606062
1603,Muara Enim,Sumatera Selatan,55650.55,284770113039.2828,285326406733.8355,285667363312.167,285957078559.1915,284818088533.2101,285041277950.33215,285177628724.9371,285292079187.8881,11414635687.812038,11402265638.701797
1606,Musi Banyuasin,Sumatera Selatan,144445.74,748616145139.214,748445081148.0146,748327132017.8105,748217461481.309,749747618658.8038,749285721841.0371,748938659564.4675,748592084664.1876,29936976955.12401,29968415883.36865
1605,Musi Rawas,Sumatera Selatan,100005.52,510431634592.1469,510901495777.70374,511205199380.36285,511473955253.3196,515864987106.163,515805732867.8522,515765353736.7732,515728049684.3016,20437798064.403164,20631955041.76371
1613,Musi Rawas Utara,Sumatera Selatan,12304.47,,,,,,,,,,
1610,Ogan Ilir,Sumatera Selatan,104927.85,532633657330.60175,532896487335.77716,533069913921.3838,533225825996.1732,529840474925.487,529055328130.1832,528479997678.9968,527914351396.31573,21316923976.68696,21157475112.413803
1602,Ogan Komering Ilir,Sumatera Selatan,534586.78,2702530414553.852,2706152474893.575,2708493337209.258,2710564605921.953,2676266638991.134,2673903050426.4043,2672087063942.671,2670232910073.398,108259490208.06989,106939539028.36255
1601,Ogan Komering Ulu,Sumatera Selatan,13784.51,,,,,,,,,,
1609,Ogan Komering Ulu Selatan,Sumatera Selatan,39203.3,,,,,,,,,,
1608,Ogan Komering Ulu Timur,Sumatera Selatan,701509.52,3601739497577.5635,3601625747408.6035,3601549429832.3604,3601479939183.645,3568283181574.8887,3561722998651.9746,3556925686470.442,3552228359351.8857,144064536199.8491,142429680802.75522
1612,Penukal Abab Lematang Ilir,Sumatera Selatan,22573.26,,,,,,,,,,
1209,Asahan,Sumatera Utara,65692.71,263498064166.56326,269102234118.6594,272641958404.24704,275718924547.9706,242515411828.93427,243224542562.35797,243606573773.1487,243877903187.6692,10782682292.515295,9729520169.223587
1219,Batu Bara,Sumatera Utara,68430.96,269134966824.14706,276339901240.8071,280847187025.7297,284736199612.5415,271968104194.03702,273300839107.90952,274104569036.59778,274766110506.56268,11076379080.347208,10935392954.397734
1211,Dairi,Sumatera Utara,34934.89,,,,,,,,,,
1207,Deli Serdang,Sumatera Utara,331769.5,1254604193796.513,1259899552026.377,1263415380327.639,1266591154781.1982,1245758628703.8162,1217633303427.079,1197843492380.8823,1179117399375.776,50417996344.45028,48558655573.12184
1216,Humbang Hasundutan,Sumatera Utara,65908.05,328450583502.21875,328271356222.9809,328150147238.62445,328039105668.4962,328482232983.952,327146917943.4528,326177589422.39496,325236910852.1865,13130051095.95537,13078105190.33578
1206,Karo,Sumatera Utara,63451.43,211232856661.4789,217294792166.64044,221194930641.90656,224633438485.715,201878302502.57306,201430082120.0884,201023735489.38388,200564757814.113,8713743963.649654,8052377445.44092
1275,Binjai,Sumatera Utara,6342.59,,,,,,,,,,
1278,Gunungsitoli,Sumatera Utara,9647.98,,,,,,,,,,
1271,Medan,Sumatera Utara,5854.91,,,,,,,,,,
1277,Padangsidimpuan,Sumatera Utara,17769.03,,,,,,,,,,
1272,Pematangsiantar,Sumatera Utara,11490.47,,,,,,,,,,
1273,Sibolga,Sumatera Utara,0.0,,,,,,,,,,
1274,Tanjung Balai,Sumatera Utara,348.41,,,,,,,,,,
1276,Tebing Tinggi,Sumatera Utara,2310.46,,,,,,,,,,
1210,Labuhanbatu,Sumatera Utara,82642.09,,,,,,,,,,
1222,Labuhanbatu Selatan,Sumatera Utara,403.84,,,,,,,,,,
1223,Labuhanbatu Utara,Sumatera Utara,79223.04,337812519489.5501,343288739036.0948,346740132186.2022,349735461181.6355,298554681737.86584,299199965624.4553,299511840571.5059,299695974235.17474,13749525566.197989,11967512845.963758
1205,Langkat,Sumatera Utara,115310.3,449563336550.7668,449714743191.93304,449816078324.21906,449908176686.97986,441741545192.8203,431348330526.25146,423994893943.75616,417006554751.2096,17989240376.789276,17198645444.630493
1213,Mandailing Natal,Sumatera Utara,82436.28,411851826921.4916,409616398261.3308,407968656859.0723,406356119196.0893,411596331981.85205,408005881060.7022,405249143995.62256,402469716753.2427,16371006332.380083,16295332704.96673
1204,Nias,Sumatera Utara,35244.47,168278443994.88,167774844651.7349,167428607487.08624,167107385739.12555,166781916278.0059,165327644015.00555,164283813988.74332,163281575563.29086,6708587669.795392,6604975363.858125
1225,Nias Barat,Sumatera Utara,10228.82,,,,,,,,,,
1214,Nias Selatan,Sumatera Utara,43037.79,,,,,,,,,,
1224,Nias Utara,Sumatera Utara,39122.95,,,,,,,,,,
1221,Padang Lawas,Sumatera Utara,27674.56,,,,,,,,,,
1220,Padang Lawas Utara,Sumatera Utara,29247.18,149192991677.65152,148418210425.65955,147802439837.76044,147163839929.21002,148774537272.48038,147521984636.26785,146470558785.93033,145335132436.89993,5930769471.367961,5889685539.614563
1215,Pakpak Bharat,Sumatera Utara,5212.74,,,,,,,,,,
1217,Samosir,Sumatera Utara,38052.33,,,,,,,,,,
1218,Serdang Bedagai,Sumatera Utara,298314.7,1139910035941.5847,1166332038264.8835,1183132953998.8394,1197812541608.5308,1149767898828.476,1147227176381.166,1145216717104.6138,1143128481884.134,46743832356.63953,45869719744.02811
1208,Simalungun,Sumatera Utara,143008.9,560407361011.8243,575351342607.7463,584712772295.4856,592798533363.5358,573781928262.737,577154332674.4442,579213397555.374,580931567562.0337,23061635661.143078,23095362426.12126
,,Sumatera Utara,,,,,,,,,,,
,,Sumatera Utara,,,,,,,,,,,
,,Sumatera Utara,,,,,,,,,,,
,,Sumatera Utara,,,,,,,,,,,
,,Sumatera Utara,,,,,,,,,,,
1203,Tapanuli Selatan,Sumatera Utara,98843.26,501361203681.1128,499861227343.32446,498769598608.2501,497711653915.54474,500672337370.5043,497838045766.44604,495655035835.52136,493444600965.11554,19985668813.23581,19893646553.641712
1201,Tapanuli Tengah,Sumatera Utara,48181.74,240956333050.68137,240096093535.6955,239480700130.07254,238892116368.91705,240330188453.02762,238542863253.99707,237183650643.643,235818450775.8567,9599095149.165245,9529643193.920372
1202,Tapanuli Utara,Sumatera Utara,125645.1,642604799105.2769,642784698745.396,642903785863.3588,643011109654.4783,644776550688.4558,644185418355.2836,643769924554.9916,643377736079.3142,25712126526.721924,25764350331.208942
1212,Toba,Sumatera Utara,102802.3,441817939330.3837,450912631018.95166,456524385976.90186,461315868433.2175,443703821428.0388,447725888599.41925,450238272089.53015,452396350698.9742,18063275025.435852,17921607174.880737
